CroppedURL,TestedURL,FinalURL,FinalHost,StatusCode,Error
"barnsley.gov.uk","https://barnsley.gov.uk","https://www.barnsley.gov.uk/","www.barnsley.gov.uk","200",""
"bathnes.gov.uk","https://bathnes.gov.uk","https://www.bathnes.gov.uk/","www.bathnes.gov.uk","200",""
"bedford.gov.uk","https://bedford.gov.uk","https://www.bedford.gov.uk/","www.bedford.gov.uk","200",""
"birmingham.gov.uk","https://birmingham.gov.uk","","","","page.goto: net::ERR_CERT_COMMON_NAME_INVALID at https://birmingham.gov.uk/
Call log:
[2m  - navigating to ""https://birmingham.gov.uk/"", waiting until ""networkidle""[22m
"
"blackburn.gov.uk","https://blackburn.gov.uk","https://blackburn.gov.uk/","blackburn.gov.uk","200",""
"blackpool.gov.uk","https://blackpool.gov.uk","https://www.blackpool.gov.uk/Home.aspx","www.blackpool.gov.uk","200",""
"bolton.gov.uk","https://bolton.gov.uk","https://www.bolton.gov.uk/","www.bolton.gov.uk","200",""
"bcpcouncil.gov.uk","https://bcpcouncil.gov.uk","https://www.bcpcouncil.gov.uk/","www.bcpcouncil.gov.uk","200",""
"bracknell-forest.gov.uk","https://bracknell-forest.gov.uk","","","","page.goto: Timeout 30000ms exceeded.
Call log:
[2m  - navigating to ""https://bracknell-forest.gov.uk/"", waiting until ""networkidle""[22m
"
"new.brighton-hove.gov.uk","https://new.brighton-hove.gov.uk","https://www.brighton-hove.gov.uk/","www.brighton-hove.gov.uk","200",""
"bristol.gov.uk","https://bristol.gov.uk","https://www.bristol.gov.uk/","www.bristol.gov.uk","200",""
"buckinghamshire.gov.uk","https://buckinghamshire.gov.uk","https://www.buckinghamshire.gov.uk/","www.buckinghamshire.gov.uk","200",""
"bury.gov.uk","https://bury.gov.uk","","","","page.goto: net::ERR_CONNECTION_TIMED_OUT at https://bury.gov.uk/
Call log:
[2m  - navigating to ""https://bury.gov.uk/"", waiting until ""networkidle""[22m
"
"calderdale.gov.uk","https://calderdale.gov.uk","https://new.calderdale.gov.uk/","new.calderdale.gov.uk","200",""
"cambridgeshire.gov.uk","https://cambridgeshire.gov.uk","https://www.cambridgeshire.gov.uk/","www.cambridgeshire.gov.uk","200",""
"centralbedfordshire.gov.uk","https://centralbedfordshire.gov.uk","https://www.centralbedfordshire.gov.uk/","www.centralbedfordshire.gov.uk","200",""
"cheshireeast.gov.uk","https://cheshireeast.gov.uk","https://www.cheshireeast.gov.uk/home.aspx","www.cheshireeast.gov.uk","200",""
"cheshirewestandchester.gov.uk","https://cheshirewestandchester.gov.uk","https://www.cheshirewestandchester.gov.uk/","www.cheshirewestandchester.gov.uk","200",""
"bradford.gov.uk","https://bradford.gov.uk","https://www.bradford.gov.uk/","www.bradford.gov.uk","200",""
"cityoflondon.gov.uk","https://cityoflondon.gov.uk","https://www.cityoflondon.gov.uk/","www.cityoflondon.gov.uk","200",""
"westminster.gov.uk","https://westminster.gov.uk","https://www.westminster.gov.uk/","www.westminster.gov.uk","200",""
"wolverhampton.gov.uk","https://wolverhampton.gov.uk","https://www.wolverhampton.gov.uk/","www.wolverhampton.gov.uk","200",""
"york.gov.uk","https://york.gov.uk","https://www.york.gov.uk/","www.york.gov.uk","200",""
"cornwall.gov.uk","https://cornwall.gov.uk","https://www.cornwall.gov.uk/","www.cornwall.gov.uk","200",""
"scilly.gov.uk","https://scilly.gov.uk","https://scilly.gov.uk/","scilly.gov.uk","200",""
"coventry.gov.uk","https://coventry.gov.uk","https://www.coventry.gov.uk/","www.coventry.gov.uk","200",""
"darlington.gov.uk","https://darlington.gov.uk","https://www.darlington.gov.uk/","www.darlington.gov.uk","200",""
"derby.gov.uk","https://derby.gov.uk","https://derby.gov.uk/","derby.gov.uk","200",""
"derbyshire.gov.uk","https://derbyshire.gov.uk","https://www.derbyshire.gov.uk/home.aspx","www.derbyshire.gov.uk","200",""
"new.devon.gov.uk","https://new.devon.gov.uk","https://www.devon.gov.uk/","www.devon.gov.uk","200",""
"doncaster.gov.uk","https://doncaster.gov.uk","https://www.doncaster.gov.uk/","www.doncaster.gov.uk","200",""
"dorsetcouncil.gov.uk","https://dorsetcouncil.gov.uk","https://www.dorsetcouncil.gov.uk/","www.dorsetcouncil.gov.uk","200",""
"dudley.gov.uk","https://dudley.gov.uk","https://www.dudley.gov.uk/residents/","www.dudley.gov.uk","200",""
"durham.gov.uk","https://durham.gov.uk","https://durham.gov.uk/","durham.gov.uk","200",""
"eastriding.gov.uk","https://eastriding.gov.uk","https://www.eastriding.gov.uk/","www.eastriding.gov.uk","200",""
"eastsussex.gov.uk","https://eastsussex.gov.uk","https://www.eastsussex.gov.uk/","www.eastsussex.gov.uk","200",""
"essex.gov.uk","https://essex.gov.uk","https://www.essex.gov.uk/","www.essex.gov.uk","200",""
"gateshead.gov.uk","https://gateshead.gov.uk","https://www.gateshead.gov.uk/","www.gateshead.gov.uk","200",""
"gloucestershire.gov.uk","https://gloucestershire.gov.uk","https://gloucestershire.gov.uk/","gloucestershire.gov.uk","200",""
"www3.halton.gov.uk","https://www3.halton.gov.uk","https://www3.halton.gov.uk/Pages/Home.aspx","www3.halton.gov.uk","200",""
"hants.gov.uk","https://hants.gov.uk","https://www.hants.gov.uk/","www.hants.gov.uk","200",""
"hartlepool.gov.uk","https://hartlepool.gov.uk","https://hartlepool.gov.uk/","hartlepool.gov.uk","404",""
"herefordshire.gov.uk","https://herefordshire.gov.uk","","","","page.goto: net::ERR_CERT_COMMON_NAME_INVALID at https://herefordshire.gov.uk/
Call log:
[2m  - navigating to ""https://herefordshire.gov.uk/"", waiting until ""networkidle""[22m
"
"hertfordshire.gov.uk","https://hertfordshire.gov.uk","https://www.hertfordshire.gov.uk/home.aspx","www.hertfordshire.gov.uk","200",""
"hull.gov.uk","https://hull.gov.uk","https://www.hull.gov.uk/","www.hull.gov.uk","200",""
"iow.gov.uk","https://iow.gov.uk","https://www.iow.gov.uk/","www.iow.gov.uk","200",""
"kent.gov.uk","https://kent.gov.uk","https://www.kent.gov.uk/","www.kent.gov.uk","200",""
"kirklees.gov.uk","https://kirklees.gov.uk","https://www.kirklees.gov.uk/beta/default.aspx","www.kirklees.gov.uk","200",""
"knowsley.gov.uk","https://knowsley.gov.uk","https://www.knowsley.gov.uk/","www.knowsley.gov.uk","200",""
"lancashire.gov.uk","https://lancashire.gov.uk","https://lancashire.gov.uk/","lancashire.gov.uk","200",""
"leeds.gov.uk","https://leeds.gov.uk","https://www.leeds.gov.uk/","www.leeds.gov.uk","200",""
"leicester.gov.uk","https://leicester.gov.uk","https://www.leicester.gov.uk/","www.leicester.gov.uk","200",""
"leicestershire.gov.uk","https://leicestershire.gov.uk","https://www.leicestershire.gov.uk/","www.leicestershire.gov.uk","403",""
"lincolnshire.gov.uk","https://lincolnshire.gov.uk","https://www.lincolnshire.gov.uk/","www.lincolnshire.gov.uk","200",""
"liverpool.gov.uk","https://liverpool.gov.uk","https://liverpool.gov.uk/","liverpool.gov.uk","200",""
"lbbd.gov.uk","https://lbbd.gov.uk","","","","page.goto: Timeout 30000ms exceeded.
Call log:
[2m  - navigating to ""https://lbbd.gov.uk/"", waiting until ""networkidle""[22m
"
"barnet.gov.uk","https://barnet.gov.uk","https://www.barnet.gov.uk/","www.barnet.gov.uk","200",""
"bexley.gov.uk","https://bexley.gov.uk","https://www.bexley.gov.uk/","www.bexley.gov.uk","200",""
"brent.gov.uk","https://brent.gov.uk","https://brent.gov.uk/","brent.gov.uk","200",""
"bromley.gov.uk","https://bromley.gov.uk","https://www.bromley.gov.uk/","www.bromley.gov.uk","200",""
"camden.gov.uk","https://camden.gov.uk","https://www.camden.gov.uk/","www.camden.gov.uk","200",""
"croydon.gov.uk","https://croydon.gov.uk","https://www.croydon.gov.uk/","www.croydon.gov.uk","200",""
"ealing.gov.uk","https://ealing.gov.uk","","","","page.goto: net::ERR_CONNECTION_TIMED_OUT at https://ealing.gov.uk/
Call log:
[2m  - navigating to ""https://ealing.gov.uk/"", waiting until ""networkidle""[22m
"
"new.enfield.gov.uk","https://new.enfield.gov.uk","https://www.enfield.gov.uk/","www.enfield.gov.uk","200",""
"learningtrust.co.uk","https://learningtrust.co.uk","https://education.hackney.gov.uk/","education.hackney.gov.uk","200",""
"lbhf.gov.uk","https://lbhf.gov.uk","https://www.lbhf.gov.uk/","www.lbhf.gov.uk","200",""
"haringey.gov.uk","https://haringey.gov.uk","https://haringey.gov.uk/","haringey.gov.uk","200",""
"harrow.gov.uk","https://harrow.gov.uk","https://harrow.gov.uk/","harrow.gov.uk","403",""
"havering.gov.uk","https://havering.gov.uk","https://www.havering.gov.uk/","www.havering.gov.uk","200",""
"hillingdon.gov.uk","https://hillingdon.gov.uk","https://pre.hillingdon.gov.uk/","pre.hillingdon.gov.uk","200",""
"hounslow.gov.uk","https://hounslow.gov.uk","https://hounslow.gov.uk/","hounslow.gov.uk","403",""
"islington.gov.uk","https://islington.gov.uk","https://www.islington.gov.uk/","www.islington.gov.uk","200",""
"lambeth.gov.uk","https://lambeth.gov.uk","https://www.lambeth.gov.uk/","www.lambeth.gov.uk","200",""
"lewisham.gov.uk","https://lewisham.gov.uk","https://lewisham.gov.uk/","lewisham.gov.uk","200",""
"merton.gov.uk","https://merton.gov.uk","https://www.merton.gov.uk/","www.merton.gov.uk","200",""
"newham.gov.uk","https://newham.gov.uk","https://www.newham.gov.uk/","www.newham.gov.uk","200",""
"redbridge.gov.uk","https://redbridge.gov.uk","https://www.redbridge.gov.uk/","www.redbridge.gov.uk","200",""
"richmond.gov.uk","https://richmond.gov.uk","https://richmond.gov.uk/","richmond.gov.uk","200",""
"southwark.gov.uk","https://southwark.gov.uk","https://www.southwark.gov.uk/","www.southwark.gov.uk","200",""
"sutton.gov.uk","https://sutton.gov.uk","https://www.sutton.gov.uk/","www.sutton.gov.uk","200",""
"towerhamlets.gov.uk","https://towerhamlets.gov.uk","https://www.towerhamlets.gov.uk/Home.aspx","www.towerhamlets.gov.uk","200",""
"walthamforest.gov.uk","https://walthamforest.gov.uk","https://www.walthamforest.gov.uk/","www.walthamforest.gov.uk","202",""
"wandsworth.gov.uk","https://wandsworth.gov.uk","https://wandsworth.gov.uk/","wandsworth.gov.uk","200",""
"m.luton.gov.uk","https://m.luton.gov.uk","https://www.luton.gov.uk/","www.luton.gov.uk","200",""
"manchester.gov.uk","https://manchester.gov.uk","https://www.manchester.gov.uk/","www.manchester.gov.uk","200",""
"new.medway.gov.uk","https://new.medway.gov.uk","https://new.medway.gov.uk/","new.medway.gov.uk","403",""
"middlesbrough.gov.uk","https://middlesbrough.gov.uk","","","","page.goto: net::ERR_NAME_NOT_RESOLVED at https://middlesbrough.gov.uk/
Call log:
[2m  - navigating to ""https://middlesbrough.gov.uk/"", waiting until ""networkidle""[22m
"
"milton-keynes.gov.uk","https://milton-keynes.gov.uk","https://www.milton-keynes.gov.uk/","www.milton-keynes.gov.uk","200",""
"newcastle.gov.uk","https://newcastle.gov.uk","https://new.newcastle.gov.uk/","new.newcastle.gov.uk","200",""
"norfolk.gov.uk","https://norfolk.gov.uk","https://www.norfolk.gov.uk/","www.norfolk.gov.uk","200",""
"nelincs.gov.uk","https://nelincs.gov.uk","","","","page.goto: net::ERR_EMPTY_RESPONSE at https://nelincs.gov.uk/
Call log:
[2m  - navigating to ""https://nelincs.gov.uk/"", waiting until ""networkidle""[22m
"
"northlincs.gov.uk","https://northlincs.gov.uk","https://northlincs.gov.uk/","northlincs.gov.uk","200",""
"northnorthants.gov.uk","https://northnorthants.gov.uk","https://www.northnorthants.gov.uk/","www.northnorthants.gov.uk","200",""
"n-somerset.gov.uk","https://n-somerset.gov.uk","https://n-somerset.gov.uk/","n-somerset.gov.uk","200",""
"my.northtyneside.gov.uk","https://my.northtyneside.gov.uk","https://www.northtyneside.gov.uk/","www.northtyneside.gov.uk","200",""
"northumberland.gov.uk","https://northumberland.gov.uk","https://www.northumberland.gov.uk/","www.northumberland.gov.uk","200",""
"northyorks.gov.uk","https://northyorks.gov.uk","https://www.northyorks.gov.uk/","www.northyorks.gov.uk","200",""
"nottinghamcity.gov.uk","https://nottinghamcity.gov.uk","https://nottinghamcity.gov.uk/","nottinghamcity.gov.uk","200",""
"nottinghamshire.gov.uk","https://nottinghamshire.gov.uk","https://www.nottinghamshire.gov.uk/","www.nottinghamshire.gov.uk","200",""
"oldham.gov.uk","https://oldham.gov.uk","https://www.oldham.gov.uk/","www.oldham.gov.uk","200",""
"oxfordshire.gov.uk","https://oxfordshire.gov.uk","https://www.oxfordshire.gov.uk/","www.oxfordshire.gov.uk","200",""
"peterborough.gov.uk","https://peterborough.gov.uk","https://www.peterborough.gov.uk/","www.peterborough.gov.uk","200",""
"plymouth.gov.uk","https://plymouth.gov.uk","","","","page.goto: Timeout 30000ms exceeded.
Call log:
[2m  - navigating to ""https://plymouth.gov.uk/"", waiting until ""networkidle""[22m
"
"portsmouth.gov.uk","https://portsmouth.gov.uk","https://www.portsmouth.gov.uk/","www.portsmouth.gov.uk","200",""
"reading.gov.uk","https://reading.gov.uk","https://www.reading.gov.uk/","www.reading.gov.uk","200",""
"redcar-cleveland.gov.uk","https://redcar-cleveland.gov.uk","https://www.redcar-cleveland.gov.uk/","www.redcar-cleveland.gov.uk","200",""
"rochdale.gov.uk","https://rochdale.gov.uk","https://www.rochdale.gov.uk/","www.rochdale.gov.uk","200",""
"rotherham.gov.uk","https://rotherham.gov.uk","https://rotherham.gov.uk/","rotherham.gov.uk","403",""
"royalgreenwich.gov.uk","https://royalgreenwich.gov.uk","https://www.royalgreenwich.gov.uk/","www.royalgreenwich.gov.uk","200",""
"rbkc.gov.uk","https://rbkc.gov.uk","","","","page.goto: net::ERR_CONNECTION_TIMED_OUT at https://rbkc.gov.uk/
Call log:
[2m  - navigating to ""https://rbkc.gov.uk/"", waiting until ""networkidle""[22m
"
"kingston.gov.uk","https://kingston.gov.uk","https://www.kingston.gov.uk/","www.kingston.gov.uk","200",""
"rbwm.gov.uk","https://rbwm.gov.uk","https://www.rbwm.gov.uk/","www.rbwm.gov.uk","200",""
"rutland.gov.uk","https://rutland.gov.uk","https://www.rutland.gov.uk/","www.rutland.gov.uk","200",""
"salford.gov.uk","https://salford.gov.uk","","","","page.goto: net::ERR_CERT_COMMON_NAME_INVALID at https://salford.gov.uk/
Call log:
[2m  - navigating to ""https://salford.gov.uk/"", waiting until ""networkidle""[22m
"
"sandwell.gov.uk","https://sandwell.gov.uk","https://www.sandwell.gov.uk/","www.sandwell.gov.uk","200",""
"sefton.gov.uk","https://sefton.gov.uk","https://sefton.gov.uk/","sefton.gov.uk","200",""
"sheffield.gov.uk","https://sheffield.gov.uk","https://www.sheffield.gov.uk/","www.sheffield.gov.uk","200",""
"shropshire.gov.uk","https://shropshire.gov.uk","https://next.shropshire.gov.uk/","next.shropshire.gov.uk","200",""
"slough.gov.uk","https://slough.gov.uk","https://slough.gov.uk/","slough.gov.uk","403",""
"solihull.gov.uk","https://solihull.gov.uk","https://www.solihull.gov.uk/","www.solihull.gov.uk","200",""
"somerset.gov.uk","https://somerset.gov.uk","https://www.somerset.gov.uk/","www.somerset.gov.uk","200",""
"southampton.gov.uk","https://southampton.gov.uk","","","","page.goto: Timeout 30000ms exceeded.
Call log:
[2m  - navigating to ""https://southampton.gov.uk/"", waiting until ""networkidle""[22m
"
"southend.gov.uk","https://southend.gov.uk","https://www.southend.gov.uk/","www.southend.gov.uk","200",""
"southglos.gov.uk","https://southglos.gov.uk","https://www.southglos.gov.uk/","www.southglos.gov.uk","200",""
"southtyneside.gov.uk","https://southtyneside.gov.uk","https://southtyneside.gov.uk/","southtyneside.gov.uk","200",""
"staffordshire.gov.uk","https://staffordshire.gov.uk","https://www.staffordshire.gov.uk/","www.staffordshire.gov.uk","200",""
"sthelens.gov.uk","https://sthelens.gov.uk","https://sthelens.gov.uk/","sthelens.gov.uk","200",""
"stockport.gov.uk","https://stockport.gov.uk","","","","page.goto: net::ERR_CONNECTION_TIMED_OUT at https://stockport.gov.uk/
Call log:
[2m  - navigating to ""https://stockport.gov.uk/"", waiting until ""networkidle""[22m
"
"stockton.gov.uk","https://stockton.gov.uk","https://www.stockton.gov.uk/","www.stockton.gov.uk","200",""
"stoke.gov.uk","https://stoke.gov.uk","https://www.stoke.gov.uk/","www.stoke.gov.uk","200",""
"suffolk.gov.uk","https://suffolk.gov.uk","https://www.suffolk.gov.uk/","www.suffolk.gov.uk","200",""
"sunderland.gov.uk","https://sunderland.gov.uk","https://www.sunderland.gov.uk/?ccp=true#cookie-consent-prompt","www.sunderland.gov.uk","200",""
"surreycc.gov.uk","https://surreycc.gov.uk","https://www.surreycc.gov.uk/","www.surreycc.gov.uk","200",""
"swindon.gov.uk","https://swindon.gov.uk","https://www.swindon.gov.uk/","www.swindon.gov.uk","200",""
"tameside.gov.uk","https://tameside.gov.uk","https://tameside.gov.uk/","tameside.gov.uk","200",""
"telford.gov.uk","https://telford.gov.uk","https://telford.gov.uk/","telford.gov.uk","200",""
"thurrock.gov.uk","https://thurrock.gov.uk","","","","page.goto: net::ERR_CONNECTION_TIMED_OUT at https://thurrock.gov.uk/
Call log:
[2m  - navigating to ""https://thurrock.gov.uk/"", waiting until ""networkidle""[22m
"
"torbay.gov.uk","https://torbay.gov.uk","https://www.torbay.gov.uk/","www.torbay.gov.uk","200",""
"trafford.gov.uk","https://trafford.gov.uk","https://www.trafford.gov.uk/","www.trafford.gov.uk","200",""
"wakefield.gov.uk","https://wakefield.gov.uk","","","","page.goto: net::ERR_SSL_UNRECOGNIZED_NAME_ALERT at https://wakefield.gov.uk/
Call log:
[2m  - navigating to ""https://wakefield.gov.uk/"", waiting until ""networkidle""[22m
"
"go.walsall.gov.uk","https://go.walsall.gov.uk","","","","page.goto: Timeout 30000ms exceeded.
Call log:
[2m  - navigating to ""https://go.walsall.gov.uk/"", waiting until ""networkidle""[22m
"
"warrington.gov.uk","https://warrington.gov.uk","","","","page.goto: net::ERR_CONNECTION_TIMED_OUT at https://warrington.gov.uk/
Call log:
[2m  - navigating to ""https://warrington.gov.uk/"", waiting until ""networkidle""[22m
"
"warwickshire.gov.uk","https://warwickshire.gov.uk","https://www.warwickshire.gov.uk/","www.warwickshire.gov.uk","200",""
"westberks.gov.uk","https://westberks.gov.uk","","","","page.goto: Timeout 30000ms exceeded.
Call log:
[2m  - navigating to ""https://westberks.gov.uk/"", waiting until ""networkidle""[22m
"
"westnorthants.gov.uk","https://westnorthants.gov.uk","https://www.westnorthants.gov.uk/","www.westnorthants.gov.uk","200",""
"westsussex.gov.uk","https://westsussex.gov.uk","https://www.westsussex.gov.uk/","www.westsussex.gov.uk","200",""
"wigan.gov.uk","https://wigan.gov.uk","https://www.wigan.gov.uk/","www.wigan.gov.uk","200",""
"wiltshire.gov.uk","https://wiltshire.gov.uk","https://www.wiltshire.gov.uk/","www.wiltshire.gov.uk","200",""
"wirral.gov.uk","https://wirral.gov.uk","https://www.wirral.gov.uk/","www.wirral.gov.uk","200",""
"wokingham.gov.uk","https://wokingham.gov.uk","","","","page.goto: net::ERR_CERT_DATE_INVALID at https://wokingham.gov.uk/
Call log:
[2m  - navigating to ""https://wokingham.gov.uk/"", waiting until ""networkidle""[22m
"
"worcestershire.gov.uk","https://worcestershire.gov.uk","https://www.worcestershire.gov.uk/","www.worcestershire.gov.uk","200",""
"somerset.gov.uk","https://somerset.gov.uk","https://www.somerset.gov.uk/","www.somerset.gov.uk","200",""
"cumberland.gov.uk","https://cumberland.gov.uk","https://www.cumberland.gov.uk/","www.cumberland.gov.uk","200",""
"westmorlandandfurness.gov.uk","https://westmorlandandfurness.gov.uk","https://www.westmorlandandfurness.gov.uk/","www.westmorlandandfurness.gov.uk","200",""
"northyorks.gov.uk","https://northyorks.gov.uk","https://www.northyorks.gov.uk/","www.northyorks.gov.uk","200",""