GSS,Authority Name,URL,Cropped URL
E08000016,Barnsley Metropolitan Borough Council,https://www.barnsley.gov.uk/pid14,barnsley.gov.uk
E06000022,Bath and North East Somerset Council,https://www.bathnes.gov.uk/apply-secondary-school-place-year-7-0,bathnes.gov.uk
E06000055,Bedford Borough Council,https://www.bedford.gov.uk/schools-education-and-childcare/schools-and-collegescadem/school-admissions/transfer-to-secondary-school/,bedford.gov.uk
E08000025,Birmingham City Council,https://www.birmingham.gov.uk/info/20119/school_admissions/1778/secondary_school_year_7_admissions/1,birmingham.gov.uk
E06000008,Blackburn with Darwen Borough Council,https://www.blackburn.gov.uk/schools-and-education/school-admissions,blackburn.gov.uk
E06000009,Blackpool Borough Council,http://www.blackpool.gov.uk/Residents/Education-and-schools/School-admissions/School-admissions.aspx,blackpool.gov.uk
E08000001,Bolton Metropolitan Borough Council,http://www.bolton.gov.uk/website/pages/Secondaryschoolplaces.aspx,bolton.gov.uk
E06000058,"Bournemouth, Christchurch and Poole Council",https://www.bcpcouncil.gov.uk/schools-and-learning/school-admissions/apply-for-a-secondary-or-upper-school-place,bcpcouncil.gov.uk
E06000036,Bracknell Forest Council,https://www.bracknell-forest.gov.uk/schools-and-learning/schools/school-admissions/starting-secondary-school,bracknell-forest.gov.uk
E06000043,Brighton and Hove City Council,https://new.brighton-hove.gov.uk/schools-and-learning/apply-school/apply-school-place,new.brighton-hove.gov.uk
E06000023,Bristol City Council,https://www.bristol.gov.uk/secondaryadmissions,bristol.gov.uk
E06000060,Buckinghamshire Council,https://www.buckinghamshire.gov.uk/schools-and-learning/schools-index/school-admissions/apply-for-a-secondary-school-place/,buckinghamshire.gov.uk
E08000002,Bury Metropolitan Borough Council,http://www.bury.gov.uk/index.aspx?articleid=10566,bury.gov.uk
E08000033,Calderdale Metropolitan Borough Council,https://www.calderdale.gov.uk/v2/residents/education-and-learning/schools/admissions,calderdale.gov.uk
E10000003,Cambridgeshire County Council,http://www.cambridgeshire.gov.uk/info/20059/schools_and_learning/363/apply_for_a_school_place/5,cambridgeshire.gov.uk
E06000056,Central Bedfordshire Council,http://www.centralbedfordshire.gov.uk/school/admissions/landing.aspx,centralbedfordshire.gov.uk
E06000049,Cheshire East Council,http://www.cheshireeast.gov.uk/schools,cheshireeast.gov.uk
E06000050,Cheshire West and Chester Council,http://www.cheshirewestandchester.gov.uk/default.aspx?page=5935,cheshirewestandchester.gov.uk
E08000032,City of Bradford Metropolitan District Council,https://www.bradford.gov.uk/education-and-skills/school-admissions/apply-for-a-place-at-one-of-bradford-districts-schools/,bradford.gov.uk
E09000001,City of London Corporation,http://www.cityoflondon.gov.uk/services/education-learning/schools/Pages/school-admissions.aspx,cityoflondon.gov.uk
E09000033,City of Westminster,https://www.westminster.gov.uk/transferring-to-secondary-school,westminster.gov.uk
E08000031,City of Wolverhampton Council,http://www.wolverhampton.gov.uk/admissions,wolverhampton.gov.uk
E06000014,City of York Council,https://www.york.gov.uk/ApplySchoolPlace,york.gov.uk
E06000052,Cornwall Council,https://www.cornwall.gov.uk/schools-and-education/schools-and-colleges/school-admissions/,cornwall.gov.uk
E06000053,Council of the Isles of Scilly,http://www.scilly.gov.uk/children/schools-colleges/five-islands-school,scilly.gov.uk
E08000026,Coventry City Council,https://www.coventry.gov.uk/school-admissions/secondary-school-admissions,coventry.gov.uk
E06000005,Darlington Borough Council,https://www.darlington.gov.uk/education-and-learning/school-years/admissions/,darlington.gov.uk
E06000015,Derby City,https://www.derby.gov.uk/education-and-learning/schools-and-colleges/school-admissions/secondary-school-admissions/,derby.gov.uk
E10000007,Derbyshire County Council,https://www.derbyshire.gov.uk/education/schools/school-places/secondary-admissions/secondary-school-admissions.aspx,derbyshire.gov.uk
E10000008,Devon County Council,https://new.devon.gov.uk/educationandfamilies/school-information/apply-for-a-school-place/apply-for-a-secondary-school-place,new.devon.gov.uk
E08000017,Doncaster Metropolitan Borough Council,http://www.doncaster.gov.uk/services/schools/secondary-admissions,doncaster.gov.uk
E06000059,Dorset Council,https://www.dorsetcouncil.gov.uk/education-and-training/schools-and-learning/apply-for-a-school-place/starting-secondary-or-upper-school,dorsetcouncil.gov.uk
E08000027,Dudley Metropolitan Borough Council,https://www.dudley.gov.uk/residents/learning-and-school/schools-and-colleges/school-admissions/,dudley.gov.uk
E06000047,Durham County Council,https://www.durham.gov.uk/secondaryschoolplaces,durham.gov.uk
E06000011,East Riding of Yorkshire Council,https://www.eastriding.gov.uk/learning/schools-colleges-and-academies/schools-and-school-places/secondary-schools/,eastriding.gov.uk
E10000011,East Sussex County Council,https://www.eastsussex.gov.uk/educationandlearning/schools/admissions/,eastsussex.gov.uk
E10000012,Essex County Council,https://www.essex.gov.uk/apply-for-a-secondary-school-place,essex.gov.uk
E08000037,Gateshead Metropolitan Borough Council,https://www.gateshead.gov.uk/article/2797/Secondary-school-admissions,gateshead.gov.uk
E10000013,Gloucestershire County Council,https://www.gloucestershire.gov.uk/education-and-learning/school-admissions/transfer-to-secondary-school-or-from-middle-to-high-school-september-2024/,gloucestershire.gov.uk
E06000006,Halton Borough Council,https://www3.halton.gov.uk/Pages/EducationandFamilies/Schools/PrimarySecondarySchool.aspx,www3.halton.gov.uk
E10000014,Hampshire County Council,https://www.hants.gov.uk/educationandlearning/admissions/applicationprocess/year7,hants.gov.uk
E06000001,Hartlepool Borough Council,https://www.hartlepool.gov.uk/schooladmissionsonline,hartlepool.gov.uk
E06000019,Herefordshire Council,https://www.herefordshire.gov.uk/secondaryschooladmissions,herefordshire.gov.uk
E10000015,Hertfordshire County Council,https://www.hertfordshire.gov.uk/services/schools-and-education/school-admissions/secondary-and-upper-schools/secondary-and-upper-school-places.aspx,hertfordshire.gov.uk
E06000010,Hull City Council,https://www.hull.gov.uk/education-and-schools/schools/secondary-school-applications,hull.gov.uk
E06000046,Isle of Wight Council,https://www.iow.gov.uk/schools-and-education/school-admissions/,iow.gov.uk
E10000016,Kent County Council,https://www.kent.gov.uk/education-and-children/schools/school-places/secondary-school-places,kent.gov.uk
E08000034,Kirklees Council,http://www.kirklees.gov.uk/beta/schools-and-education.aspx#admissions,kirklees.gov.uk
E08000011,Knowsley Metropolitan Borough Council,http://www.knowsley.gov.uk/residents/education-and-schools/apply-for-a-school-place.aspx,knowsley.gov.uk
E10000017,Lancashire County Council,http://www.lancashire.gov.uk/children-education-families/schools/apply-for-a-school-place/apply-for-a-secondary-school-place.aspx,lancashire.gov.uk
E08000035,Leeds City Council,https://www.leeds.gov.uk/schools-and-education/school-admissions/apply-for-a-secondary-school,leeds.gov.uk
E06000016,Leicester City Council,https://www.leicester.gov.uk/schools-and-learning/school-and-colleges/school-admissions/starting-secondary-school/,leicester.gov.uk
E10000018,Leicestershire County Council,https://www.leicestershire.gov.uk/education-and-children/schools-colleges-and-academies/school-admissions,leicestershire.gov.uk
E10000019,Lincolnshire County Council,https://www.lincolnshire.gov.uk/school-admissions/apply-school/3,lincolnshire.gov.uk
E08000012,Liverpool City Council,http://www.liverpool.gov.uk/schools-and-learning/school-admissions/,liverpool.gov.uk
E09000002,London Borough of Barking and Dagenham,https://www.lbbd.gov.uk/residents/schools-and-learning/school-admissions/moving-to-secondary-school-2015/,lbbd.gov.uk
E09000003,London Borough of Barnet,https://www.barnet.gov.uk/secondary-admissions,barnet.gov.uk
E09000004,London Borough of Bexley,https://www.bexley.gov.uk/services/schools-and-education/school-admissions/secondary-schools,bexley.gov.uk
E09000005,London Borough of Brent,http://brent.gov.uk/services-for-residents/family-and-schools/schools/apply-for-a-school-place/,brent.gov.uk
E09000006,London Borough of Bromley,http://www.bromley.gov.uk/info/14/secondary_school_admissions,bromley.gov.uk
E09000007,London Borough of Camden,http://www.camden.gov.uk/ccm/navigation/education/camden-schools/secondary-schools/secondary-admissions/,camden.gov.uk
E09000008,London Borough of Croydon,http://www.croydon.gov.uk/education/schools-new/school-admissions/how-to-apply/school-place-home,croydon.gov.uk
E09000009,London Borough of Ealing,https://www.ealing.gov.uk/info/201115/apply_for_high_school,ealing.gov.uk
E09000010,London Borough of Enfield,https://new.enfield.gov.uk/services/children-and-education/school-admissions-and-information/admissions-applications/#3,new.enfield.gov.uk
E09000012,London Borough of Hackney,https://www.learningtrust.co.uk/admissions/Pages/secondaryAdmissions.aspx,learningtrust.co.uk
E09000013,London Borough of Hammersmith & Fulham,https://www.lbhf.gov.uk/children-and-young-people/schools-and-colleges/school-admissions/secondary-school-admissions,lbhf.gov.uk
E09000014,London Borough of Haringey,https://www.haringey.gov.uk/children-and-families/schools-and-education/school-admissions,haringey.gov.uk
E09000015,London Borough of Harrow,https://www.harrow.gov.uk/schools-learning/apply-secondary-school-place,harrow.gov.uk
E09000016,London Borough of Havering,https://www.havering.gov.uk/info/20006/schools_and_education,havering.gov.uk
E09000017,London Borough of Hillingdon,https://www.hillingdon.gov.uk/secondary,hillingdon.gov.uk
E09000018,London Borough of Hounslow,http://www.hounslow.gov.uk/admissions,hounslow.gov.uk
E09000019,London Borough of Islington,https://www.islington.gov.uk/children-and-families/schools/apply-for-a-school-place/apply-for-secondary-school-place,islington.gov.uk
E09000022,London Borough of Lambeth,https://www.lambeth.gov.uk/schools-and-education/school-admissions-and-appeals/secondary-school-admissions,lambeth.gov.uk
E09000023,London Borough of Lewisham,http://www.lewisham.gov.uk/EducationAndLearning/Schools/SchoolAdmissions/SecondarySchoolAdmission/,lewisham.gov.uk
E09000024,London Borough of Merton,http://www.merton.gov.uk/secondaryplace,merton.gov.uk
E09000025,London Borough of Newham,https://www.newham.gov.uk/Pages/Services/Admissions-secondary-school.aspx,newham.gov.uk
E09000026,London Borough of Redbridge,https://www.redbridge.gov.uk/schools/secondary-school-admissions/,redbridge.gov.uk
E09000027,London Borough of Richmond upon Thames,http://www.richmond.gov.uk/secondary_school_admissions,richmond.gov.uk
E09000028,London Borough of Southwark,https://www.southwark.gov.uk/schools-and-education/school-admissions/secondary-admissions,southwark.gov.uk
E09000029,London Borough of Sutton,https://www.sutton.gov.uk/info/200439/school_admissions/1071/applying_for_secondary_school_year_7,sutton.gov.uk
E09000030,London Borough of Tower Hamlets,http://www.towerhamlets.gov.uk/lgnl/education_and_learning/schools/school_admissions/school_admissions.aspx,towerhamlets.gov.uk
E09000031,London Borough of Waltham Forest,https://www.walthamforest.gov.uk/schools-education-and-learning/apply-school-place/apply-secondary-school,walthamforest.gov.uk
E09000032,London Borough of Wandsworth,http://www.wandsworth.gov.uk/admissions,wandsworth.gov.uk
E06000032,Luton Borough Council,https://m.luton.gov.uk/Page/Show/Education_and_learning/Schools_and_colleges/School%20admissions/Pages/default.aspx,m.luton.gov.uk
E08000003,Manchester City Council,http://www.manchester.gov.uk/info/705/school_admissions,manchester.gov.uk
E06000035,Medway Council,http://new.medway.gov.uk/education/school-admissions/starting-secondary-school/key-dates,new.medway.gov.uk
E06000002,Middlesbrough Borough Council,http://middlesbrough.gov.uk/schools-and-education/school-admissions/secondary-school-admissions,middlesbrough.gov.uk
E06000042,Milton Keynes City Council,https://www.milton-keynes.gov.uk/schools-and-lifelong-learning/school-admissions,milton-keynes.gov.uk
E08000021,Newcastle City Council,http://www.newcastle.gov.uk/education-and-learning/schools/transferring-middle-secondary-or-high-school,newcastle.gov.uk
E10000020,Norfolk County Council,https://www.norfolk.gov.uk/education-and-learning/schools/school-admissions/transfer-to-secondary-school,norfolk.gov.uk
E06000012,North East Lincolnshire Council,https://www.nelincs.gov.uk/children-families-and-schools/schools-and-education/school-admissions/apply-for-a-school-place/,nelincs.gov.uk
E06000013,North Lincolnshire Council,https://www.northlincs.gov.uk/schools-libraries-and-learning/schools-colleges-and-further-education/apply-for-a-school-place/,northlincs.gov.uk
E06000061,North Northamptonshire Council,https://www.northnorthants.gov.uk/secondary-school-places,northnorthants.gov.uk
E06000024,North Somerset Council,http://www.n-somerset.gov.uk/my-services/schools-learning/admissions/arrangements-policies-consultations/schoolpublications/,n-somerset.gov.uk
E08000022,North Tyneside Council,http://my.northtyneside.gov.uk/category/219/online-school-applications,my.northtyneside.gov.uk
E06000057,Northumberland County Council,https://www.northumberland.gov.uk/education-skills/schools/school-admissions-places-appeals,northumberland.gov.uk
E10000023,North Yorkshire Council,https://www.northyorks.gov.uk/education-and-learning/school-admissions/apply-place-primary-or-secondary-school,northyorks.gov.uk
E06000018,Nottingham City Council,http://www.nottinghamcity.gov.uk/education-and-schools/school-admissions/,nottinghamcity.gov.uk
E10000024,Nottinghamshire County Council,http://www.nottinghamshire.gov.uk/learning/schools/admissions/,nottinghamshire.gov.uk
E08000004,Oldham Metropolitan Borough Council,http://www.oldham.gov.uk/info/200327/admissions,oldham.gov.uk
E10000025,Oxfordshire County Council,https://www.oxfordshire.gov.uk/cms/content/secondary-school-applications,oxfordshire.gov.uk
E06000031,Peterborough City Council,https://www.peterborough.gov.uk/residents/schools-and-education/admissions/,peterborough.gov.uk
E06000026,Plymouth City Council,https://www.plymouth.gov.uk/apply-school-place,plymouth.gov.uk
E06000044,Portsmouth City Council,https://www.portsmouth.gov.uk/ext/learning-and-schools/schools/school-admissions.aspx,portsmouth.gov.uk
E06000038,Reading Borough Council,http://www.reading.gov.uk/schooladmissions,reading.gov.uk
E06000003,Redcar and Cleveland Borough Council,https://www.redcar-cleveland.gov.uk/resident/schools-and-learning/school-admissions/secondary-school-admissions/Pages/secondary-school-admissions.aspx,redcar-cleveland.gov.uk
E08000005,Rochdale Metropolitan Borough Council,http://www.rochdale.gov.uk/schooladmission,rochdale.gov.uk
E08000018,Rotherham Metropolitan Borough Council,https://www.rotherham.gov.uk/downloads/download/216/apply-for-secondary-school-places,rotherham.gov.uk
E09000011,Royal Borough of Greenwich,https://www.royalgreenwich.gov.uk/info/200286/apply_for_a_school_place/1937/apply_for_a_secondary_school_place,royalgreenwich.gov.uk
E09000020,Royal Borough of Kensington and Chelsea,https://www.rbkc.gov.uk/children-and-education/schools/join-or-move-schools,rbkc.gov.uk
E09000021,Royal Borough of Kingston upon Thames,http://www.kingston.gov.uk/secondary_schools,kingston.gov.uk
E06000040,Royal Borough of Windsor and Maidenhead,https://www.rbwm.gov.uk/schools-and-education/school-admissions,rbwm.gov.uk
E06000017,Rutland County Council,https://www.rutland.gov.uk/my-services/schools-education-and-learning/school-admissions/,rutland.gov.uk
E08000006,Salford City Council,https://www.salford.gov.uk/applyforschool,salford.gov.uk
E08000028,Sandwell Metropolitan Borough Council,http://www.sandwell.gov.uk/schooladmissions,sandwell.gov.uk
E08000014,Sefton Metropolitan Borough Council,https://www.sefton.gov.uk/schools-learning/school-admissions.aspx,sefton.gov.uk
E08000019,Sheffield City Council,https://www.sheffield.gov.uk/pupiladmissions,sheffield.gov.uk
E06000051,Shropshire Council,https://www.shropshire.gov.uk/school-admissions/apply-to-start-or-transfer-school/,shropshire.gov.uk
E06000039,Slough Borough Council,https://www.slough.gov.uk/school-admissions/apply-school-place,slough.gov.uk
E08000029,Solihull Metropolitan Borough Council,https://www.solihull.gov.uk/Schools-and-learning/School-admissions,solihull.gov.uk
E10000027,Somerset Council,http://www.somerset.gov.uk/education-learning-and-schools/choosing-a-school/apply-to-transfer-schools/,somerset.gov.uk
E06000045,Southampton City Council,https://www.southampton.gov.uk/schools-learning/find-school/apply-school/,southampton.gov.uk
E06000033,Southend-on-Sea City Council,http://www.southend.gov.uk/info/200176/school_admissions/47/secondary_school_admissions,southend.gov.uk
E06000025,South Gloucestershire Council,https://find-information-for-adults-children-families.southglos.gov.uk/kb5/southglos/directory/advice.page?id=12VIUlCdFLs&amp;familychannel=2-2&amp;channel=family,southglos.gov.uk
E08000023,South Tyneside Council,https://www.southtyneside.gov.uk/article/1495/Apply-for-a-secondary-school-place,southtyneside.gov.uk
E10000028,Staffordshire County Council,https://www.staffordshire.gov.uk/secondaryapplication,staffordshire.gov.uk
E08000013,St Helens Council,https://www.sthelens.gov.uk/schools-education/school-admissions/,sthelens.gov.uk
E08000007,Stockport Metropolitan Borough Council,https://www.stockport.gov.uk/apply-for-school-place,stockport.gov.uk
E06000004,Stockton-on-Tees Borough Council,https://www.stockton.gov.uk/apply-secondary,stockton.gov.uk
E06000021,Stoke-on-Trent City Council,http://www.stoke.gov.uk/ccm/navigation/education/schools-and-nurseries/,stoke.gov.uk
E10000029,Suffolk County Council,https://www.suffolk.gov.uk/children-families-and-learning/schools/school-places/,suffolk.gov.uk
E08000024,Sunderland City Council,http://www.sunderland.gov.uk/schools-admissions,sunderland.gov.uk
E10000030,Surrey County Council,https://www.surreycc.gov.uk/schools-and-learning/schools/admissions/secondary,surreycc.gov.uk
E06000030,Swindon Borough Council,http://www.swindon.gov.uk/secondaryschoolplaces,swindon.gov.uk
E08000008,Tameside Metropolitan Borough Council,http://www.tameside.gov.uk/movingon,tameside.gov.uk
E06000020,Telford & Wrekin Council,http://www.telford.gov.uk/info/20026/school_admissions,telford.gov.uk
E06000034,Thurrock Council,https://www.thurrock.gov.uk/secondary-school-admissions/,thurrock.gov.uk
E06000027,Torbay Council,https://www.torbay.gov.uk/schools-and-learning/admissions/,torbay.gov.uk
E08000009,Trafford Metropolitan Borough Council,https://www.trafford.gov.uk/residents/schools/school-admissions/admissions.aspx,trafford.gov.uk
E08000036,Wakefield Metropolitan District Council,http://www.wakefield.gov.uk/schools-and-children/schools/admissions,wakefield.gov.uk
E08000030,Walsall Metropolitan Borough Council,https://go.walsall.gov.uk/school_admissions,go.walsall.gov.uk
E06000007,Warrington Borough Council,http://www.warrington.gov.uk/admissions,warrington.gov.uk
E10000031,Warwickshire County Council,https://www.warwickshire.gov.uk/applying-secondary-school-place,warwickshire.gov.uk
E06000037,West Berkshire Council,https://www.westberks.gov.uk/secondary-school-admissions,westberks.gov.uk
E06000062,West Northamptonshire Council,https://www.westnorthants.gov.uk/secondary-school-places/apply-secondary-school-place,westnorthants.gov.uk
E10000032,West Sussex County Council,https://www.westsussex.gov.uk/education-children-and-families/schools-and-colleges/school-places/secondary-school-places/,westsussex.gov.uk
E08000010,Wigan Metropolitan Borough Council,http://www.wigan.gov.uk/Resident/Education/Schools/School-Admissions/Secondary-Schools.aspx,wigan.gov.uk
E06000054,Wiltshire Council,https://www.wiltshire.gov.uk/schools-learning-admissions-online,wiltshire.gov.uk
E08000015,Wirral Council,https://www.wirral.gov.uk/schools-and-learning/school-admissions/apply-primary-or-secondary-school-place,wirral.gov.uk
E06000041,Wokingham Borough Council,https://www.wokingham.gov.uk/schools-and-education/school-admissions/starting-and-applying-secondary-school-age-11,wokingham.gov.uk
E10000034,Worcestershire County Council,http://www.worcestershire.gov.uk/cms/school-information/school-admissions.aspx,worcestershire.gov.uk
E06000066,Somerset Council,Added to ensure that we have links that work for all the data from GIAS,somerset.gov.uk
E06000063,Cumberland Council,Added to ensure that we have links that work for all the data from GIAS,cumberland.gov.uk
E06000064,Westmorland and Furness Council,Added to ensure that we have links that work for all the data from GIAS,westmorlandandfurness.gov.uk
E06000065,North Yorkshire Council,Added to ensure that we have links that work for all the data from GIAS,northyorks.gov.uk
