GSS,Authority Name,TestedUrl,StatusCode
E06000001,Hartlepool Borough Council,https://www.hartlepool.gov.uk,200
E06000002,Middlesbrough Borough Council,https://www.middlesbrough.gov.uk,200
E06000003,Redcar and Cleveland Borough Council,https://www.redcar-cleveland.gov.uk,200
E06000004,Stockton-on-Tees Borough Council,https://www.stockton.gov.uk,200
E06000005,Darlington Borough Council,https://www.darlington.gov.uk,200
E06000006,Halton Borough Council,https://www.halton.gov.uk,200
E06000007,Warrington Borough Council,https://www.warrington.gov.uk,200
E06000008,Blackburn with Darwen Borough Council,https://www.blackburn.gov.uk,200
E06000009,Blackpool Borough Council,https://www.blackpool.gov.uk,200
E06000010,Hull City Council,https://www.hull.gov.uk,200
E06000011,East Riding of Yorkshire Council,https://www.eastriding.gov.uk,200
E06000012,North East Lincolnshire Council,https://www.nelincs.gov.uk,200
E06000013,North Lincolnshire Council,https://www.northlincs.gov.uk,200
E06000014,City of York Council,https://www.york.gov.uk,200
E06000015,Derby City,https://www.derby.gov.uk,200
E06000016,Leicester City Council,https://www.leicester.gov.uk,200
E06000017,Rutland County Council,https://www.rutland.gov.uk,200
E06000018,Nottingham City Council,https://www.nottinghamcity.gov.uk,200
E06000019,Herefordshire Council,https://www.herefordshire.gov.uk,200
E06000020,Telford & Wrekin Council,https://www.telford.gov.uk,200
E06000021,Stoke-on-Trent City Council,https://www.stoke.gov.uk,200
E06000022,Bath and North East Somerset Council,https://www.bathnes.gov.uk,200
E06000023,Bristol City Council,https://www.bristol.gov.uk,200
E06000024,North Somerset Council,https://www.n-somerset.gov.uk,200
E06000025,South Gloucestershire Council,https://life.southglos.gov.uk,200
E06000026,Plymouth City Council,https://www.plymouth.gov.uk,200
E06000027,Torbay Council,https://www.torbay.gov.uk,200
E06000030,Swindon Borough Council,https://www.swindon.gov.uk,200
E06000031,Peterborough City Council,https://www.peterborough.gov.uk,200
E06000032,Luton Borough Council,https://www.luton.gov.uk,200
E06000033,Southend-on-Sea City Council,https://www.southend.gov.uk,200
E06000034,Thurrock Council,https://www.thurrock.gov.uk,200
E06000035,Medway Council,https://www.medway.gov.uk,200
E06000036,Bracknell Forest Council,https://www.bracknell-forest.gov.uk,200
E06000037,West Berkshire Council,https://www.westberks.gov.uk,200
E06000038,Reading Borough Council,https://www.reading.gov.uk,200
E06000039,Slough Borough Council,https://www.slough.gov.uk,200
E06000040,Royal Borough of Windsor and Maidenhead,https://www.rbwm.gov.uk,200
E06000041,Wokingham Borough Council,https://www.wokingham.gov.uk,200
E06000042,Milton Keynes City Council,https://www.milton-keynes.gov.uk,200
E06000043,Brighton and Hove City Council,https://www.brighton-hove.gov.uk,200
E06000044,Portsmouth City Council,https://www.portsmouth.gov.uk,200
E06000045,Southampton City Council,https://www.southampton.gov.uk,200
E06000046,Isle of Wight Council,https://www.iow.gov.uk,200
E06000047,Durham County Council,https://www.durham.gov.uk,200
E06000049,Cheshire East Council,https://www.cheshireeast.gov.uk,200
E06000050,Cheshire West and Chester Council,https://www.cheshirewestandchester.gov.uk,200
E06000051,Shropshire Council,https://www.shropshire.gov.uk,200
E06000052,Cornwall Council,https://www.cornwall.gov.uk,200
E06000053,Council of the Isles of Scilly,https://www.scilly.gov.uk,200
E06000054,Wiltshire Council,https://www.wiltshire.gov.uk,200
E06000055,Bedford Borough Council,https://www.bedford.gov.uk,200
E06000056,Central Bedfordshire Council,https://www.centralbedfordshire.gov.uk,200
E06000057,Northumberland County Council,https://www.northumberland.gov.uk,200
E06000058,"Bournemouth, Christchurch and Poole Council",https://www.bcpcouncil.gov.uk,200
E06000059,Dorset Council,https://www.dorsetcouncil.gov.uk,200
E06000060,Buckinghamshire Council,https://www.buckinghamshire.gov.uk,200
E06000061,North Northamptonshire Council,https://www.northnorthants.gov.uk,200
E06000062,West Northamptonshire Council,https://www.westnorthants.gov.uk,200
E06000063,Cumberland Council,https://www.cumberland.gov.uk,200
E06000064,Westmorland and Furness Council,https://www.westmorlandandfurness.gov.uk,200
E06000065,North Yorkshire Council,https://www.northyorks.gov.uk,200
E06000066,Somerset Council,https://www.somerset.gov.uk,200
E08000001,Bolton Metropolitan Borough Council,https://www.bolton.gov.uk,200
E08000002,Bury Metropolitan Borough Council,https://www.bury.gov.uk,200
E08000003,Manchester City Council,https://www.manchester.gov.uk,200
E08000004,Oldham Metropolitan Borough Council,https://www.oldham.gov.uk,200
E08000005,Rochdale Metropolitan Borough Council,https://www.rochdale.gov.uk,200
E08000006,Salford City Council,https://www.salford.gov.uk,200
E08000007,Stockport Metropolitan Borough Council,https://www.stockport.gov.uk,200
E08000008,Tameside Metropolitan Borough Council,https://www.tameside.gov.uk,200
E08000009,Trafford Metropolitan Borough Council,https://www.trafford.gov.uk,200
E08000010,Wigan Metropolitan Borough Council,https://www.wigan.gov.uk,200
E08000011,Knowsley Metropolitan Borough Council,https://www.knowsley.gov.uk,200
E08000012,Liverpool City Council,https://www.liverpool.gov.uk,200
E08000013,St Helens Council,https://www.sthelens.gov.uk,200
E08000014,Sefton Metropolitan Borough Council,https://www.sefton.gov.uk,200
E08000015,Wirral Council,https://www.wirral.gov.uk,200
E08000016,Barnsley Metropolitan Borough Council,https://www.barnsley.gov.uk,200
E08000017,Doncaster Metropolitan Borough Council,https://www.doncaster.gov.uk,200
E08000018,Rotherham Metropolitan Borough Council,https://www.rotherham.gov.uk,200
E08000019,Sheffield City Council,https://www.sheffield.gov.uk,200
E08000021,Newcastle City Council,https://www.newcastle.gov.uk,200
E08000022,North Tyneside Council,https://www.northtyneside.gov.uk,200
E08000023,South Tyneside Council,https://www.southtyneside.gov.uk,200
E08000024,Sunderland City Council,https://www.sunderland.gov.uk,200
E08000025,Birmingham City Council,https://www.birmingham.gov.uk,200
E08000026,Coventry City Council,https://www.coventry.gov.uk,200
E08000027,Dudley Metropolitan Borough Council,https://www.dudley.gov.uk,200
E08000028,Sandwell Metropolitan Borough Council,https://www.sandwell.gov.uk,200
E08000029,Solihull Metropolitan Borough Council,https://www.solihull.gov.uk,200
E08000030,Walsall Metropolitan Borough Council,https://go.walsall.gov.uk,200
E08000031,City of Wolverhampton Council,https://www.wolverhampton.gov.uk,200
E08000032,City of Bradford Metropolitan District Council,https://www.bradford.gov.uk,200
E08000033,Calderdale Metropolitan Borough Council,https://www.calderdale.gov.uk,200
E08000034,Kirklees Council,https://www.kirklees.gov.uk,200
E08000035,Leeds City Council,https://www.leeds.gov.uk,200
E08000036,Wakefield Metropolitan District Council,https://www.wakefield.gov.uk,200
E08000037,Gateshead Metropolitan Borough Council,https://www.gateshead.gov.uk,200
E09000001,City of London Corporation,https://www.cityoflondon.gov.uk,200
E09000002,London Borough of Barking and Dagenham,https://www.lbbd.gov.uk,200
E09000003,London Borough of Barnet,https://www.barnet.gov.uk,200
E09000004,London Borough of Bexley,https://www.bexley.gov.uk,200
E09000005,London Borough of Brent,https://brent.gov.uk,200
E09000006,London Borough of Bromley,https://www.bromley.gov.uk,200
E09000007,London Borough of Camden,https://www.camden.gov.uk,200
E09000008,London Borough of Croydon,https://www.croydon.gov.uk,200
E09000009,London Borough of Ealing,https://www.ealing.gov.uk,200
E09000010,London Borough of Enfield,https://www.enfield.gov.uk,200
E09000011,Royal Borough of Greenwich,https://www.royalgreenwich.gov.uk,200
E09000012,London Borough of Hackney,https://www.learningtrust.co.uk,200
E09000013,London Borough of Hammersmith & Fulham,https://www.lbhf.gov.uk,200
E09000014,London Borough of Haringey,https://www.haringey.gov.uk,200
E09000015,London Borough of Harrow,https://www.harrow.gov.uk,200
E09000016,London Borough of Havering,https://www.havering.gov.uk,200
E09000017,London Borough of Hillingdon,https://www.hillingdon.gov.uk,200
E09000018,London Borough of Hounslow,https://www.hounslow.gov.uk,200
E09000019,London Borough of Islington,https://www.islington.gov.uk,200
E09000020,Royal Borough of Kensington and Chelsea,https://www.rbkc.gov.uk,200
E09000021,Royal Borough of Kingston upon Thames,https://www.kingston.gov.uk,200
E09000022,London Borough of Lambeth,https://www.lambeth.gov.uk,200
E09000023,London Borough of Lewisham,https://www.lewisham.gov.uk,200
E09000024,London Borough of Merton,https://www.merton.gov.uk,200
E09000025,London Borough of Newham,https://www.newham.gov.uk,200
E09000026,London Borough of Redbridge,https://www.redbridge.gov.uk,200
E09000027,London Borough of Richmond upon Thames,https://www.richmond.gov.uk,200
E09000028,London Borough of Southwark,https://www.southwark.gov.uk,200
E09000029,London Borough of Sutton,https://www.sutton.gov.uk,200
E09000030,London Borough of Tower Hamlets,https://www.towerhamlets.gov.uk,200
E09000031,London Borough of Waltham Forest,https://www.walthamforest.gov.uk,202
E09000032,London Borough of Wandsworth,https://www.wandsworth.gov.uk,200
E09000033,City of Westminster,https://www.westminster.gov.uk,200
E10000003,Cambridgeshire County Council,https://www.cambridgeshire.gov.uk,200
E10000007,Derbyshire County Council,https://www.derbyshire.gov.uk,200
E10000008,Devon County Council,https://www.devon.gov.uk,200
E10000011,East Sussex County Council,https://www.eastsussex.gov.uk,200
E10000012,Essex County Council,https://www.essex.gov.uk,200
E10000013,Gloucestershire County Council,https://www.gloucestershire.gov.uk,200
E10000014,Hampshire County Council,https://www.hants.gov.uk,200
E10000015,Hertfordshire County Council,https://www.hertfordshire.gov.uk,200
E10000016,Kent County Council,https://www.kent.gov.uk,200
E10000017,Lancashire County Council,https://www.lancashire.gov.uk,200
E10000018,Leicestershire County Council,https://www.leicestershire.gov.uk,200
E10000019,Lincolnshire County Council,https://www.lincolnshire.gov.uk,200
E10000020,Norfolk County Council,https://www.norfolk.gov.uk,200
E10000023,North Yorkshire Council,https://www.northyorks.gov.uk,200
E10000024,Nottinghamshire County Council,https://www.nottinghamshire.gov.uk,200
E10000025,Oxfordshire County Council,https://www.oxfordshire.gov.uk,200
E10000027,Somerset Council,https://www.somerset.gov.uk,200
E10000028,Staffordshire County Council,https://www.staffordshire.gov.uk,200
E10000029,Suffolk County Council,https://www.suffolk.gov.uk,200
E10000030,Surrey County Council,https://www.surreycc.gov.uk,200
E10000031,Warwickshire County Council,https://www.warwickshire.gov.uk,200
E10000032,West Sussex County Council,https://www.westsussex.gov.uk,200
E10000034,Worcestershire County Council,https://www.worcestershire.gov.uk,200
